pdb_id	s_ch	s_resi	s_ins	s_resn	s_ss8	s_rsa	s_phi	s_psi	s_a1	s_a2	s_a3	s_a4	s_a5	s_3di_state	s_3di_letter	t_ch	t_resi	t_ins	t_resn	t_ss8	t_rsa	t_phi	t_psi	t_a1	t_a2	t_a3	t_a4	t_a5	t_3di_state	t_3di_letter	Interaction
1i27	A	495	 	Q	H	0.616	-1.074	-0.799	0.931	-0.179	-3.005	-0.503	-1.853	17.0	R	A	499	 	R	H	0.597	-1.247	-0.838	1.538	-0.055	1.502	0.44	2.897	17.0	R	HBOND
1i27	A	457	 	D	H	0.607	-0.996	-0.764	1.05	0.302	-3.656	-0.259	-3.242	17.0	R	A	460	 	R	H	0.407	-1.044	-0.762	1.538	-0.055	1.502	0.44	2.897	13.0	N	
1i27	A	469	 	T	-	0.092	-1.464	3.005	-0.032	0.326	2.213	0.908	1.313	2.0	C	A	472	 	D	H	0.35	-1.072	-0.765	1.05	0.302	-3.656	-0.259	-3.242	14.0	O	HBOND
1i27	A	458	 	A	H	0.0	-1.171	-0.768	-0.591	-1.302	-0.733	1.57	-0.146	17.0	R	A	461	 	R	H	0.492	-0.979	-0.797	1.538	-0.055	1.502	0.44	2.897	17.0	R	VDW
1i27	A	471	 	K	H	0.717	-1.043	-0.74	1.831	-0.561	0.533	-0.277	1.648	17.0	R	A	474	 	L	H	0.28	-1.026	-0.583	-1.019	-0.987	-1.505	1.266	-0.912	9.0	J	
1i27	A	471	 	K	H	0.717	-1.043	-0.74	1.831	-0.561	0.533	-0.277	1.648	17.0	R	A	475	 	K	H	0.678	-1.09	-0.4	1.831	-0.561	0.533	-0.277	1.648	17.0	R	HBOND
1i27	A	490	 	V	H	0.359	-1.092	-0.649	-1.337	-0.279	-0.544	1.242	-1.262	15.0	P	A	494	 	A	H	0.509	-1.063	-0.726	-0.591	-1.302	-0.733	1.57	-0.146	17.0	R	HBOND
1i27	A	496	 	I	H	0.03	-1.063	-0.804	-1.239	-0.547	2.131	0.393	0.816	15.0	P	A	499	 	R	H	0.597	-1.247	-0.838	1.538	-0.055	1.502	0.44	2.897	17.0	R	
1i27	A	507	 	I	E	0.373	-2.311	2.279	-1.239	-0.547	2.131	0.393	0.816	2.0	C	A	510	 	K	E	0.6	-2.436	2.321	1.831	-0.561	0.533	-0.277	1.648	2.0	C	HBOND
1i27	A	507	 	I	E	0.373	-2.311	2.279	-1.239	-0.547	2.131	0.393	0.816	2.0	C	A	510	 	K	E	0.6	-2.436	2.321	1.831	-0.561	0.533	-0.277	1.648	2.0	C	VDW
1i27	A	494	 	A	H	0.509	-1.063	-0.726	-0.591	-1.302	-0.733	1.57	-0.146	17.0	R	A	497	 	L	H	0.085	-1.207	-0.679	-1.019	-0.987	-1.505	1.266	-0.912	1.0	B	
1i27	A	505	 	K	E	0.351	-2.285	2.265	1.831	-0.561	0.533	-0.277	1.648	2.0	C	A	512	 	H	E	0.114	-1.946	2.675	0.336	-0.417	-1.673	-1.474	-0.078	16.0	Q	HBOND
1i27	A	505	 	K	E	0.351	-2.285	2.265	1.831	-0.561	0.533	-0.277	1.648	2.0	C	A	512	 	H	E	0.114	-1.946	2.675	0.336	-0.417	-1.673	-1.474	-0.078	16.0	Q	VDW
1i27	A	451	 	D	-	0.135	-1.106	2.442	1.05	0.302	-3.656	-0.259	-3.242	2.0	C	A	476	 	K	T	0.385	-1.406	-0.265	1.831	-0.561	0.533	-0.277	1.648	14.0	O	
1i27	A	490	 	V	H	0.359	-1.092	-0.649	-1.337	-0.279	-0.544	1.242	-1.262	15.0	P	A	493	 	L	H	0.0	-1.02	-0.704	-1.019	-0.987	-1.505	1.266	-0.912	17.0	R	
1i27	A	455	 	T	-	0.282	-2.351	2.786	-0.032	0.326	2.213	0.908	1.313	2.0	C	A	458	 	A	H	0.0	-1.171	-0.768	-0.591	-1.302	-0.733	1.57	-0.146	17.0	R	HBOND
1i27	A	485	 	S	-	0.377	-1.177	2.908	-0.228	1.399	-4.76	0.67	-2.647	2.0	C	A	488	 	Q	H	0.52	-1.053	-0.67	0.931	-0.179	-3.005	-0.503	-1.853	17.0	R	HBOND
1i27	A	503	 	E	E	0.474	-1.032	2.401	1.357	-1.453	1.477	0.113	-0.837	2.0	C	A	513	 	F	E	0.147	-1.759	2.515	-1.006	-0.59	1.891	-0.397	0.412	5.0	F	
1i27	A	493	 	L	H	0.0	-1.02	-0.704	-1.019	-0.987	-1.505	1.266	-0.912	17.0	R	A	496	 	I	H	0.03	-1.063	-0.804	-1.239	-0.547	2.131	0.393	0.816	15.0	P	VDW
1i27	A	452	 	V	S	0.613	-1.91	-0.1	-1.337	-0.279	-0.544	1.242	-1.262	13.0	N	A	482	 	T	H	0.169	-1.602	-0.494	-0.032	0.326	2.213	0.908	1.313	6.0	G	
1i27	A	460	 	R	H	0.407	-1.044	-0.762	1.538	-0.055	1.502	0.44	2.897	13.0	N	A	464	 	T	H	0.542	-1.37	-0.344	-0.032	0.326	2.213	0.908	1.313	0.0	A	HBOND
1i27	A	479	 	T	H	0.507	-0.94	-0.628	-0.032	0.326	2.213	0.908	1.313	1.0	B	A	482	 	T	H	0.169	-1.602	-0.494	-0.032	0.326	2.213	0.908	1.313	6.0	G	
1i27	A	487	 	E	H	0.588	-1.121	-0.816	1.357	-1.453	1.477	0.113	-0.837	17.0	R	A	491	 	N	H	0.516	-1.167	-0.763	0.945	0.828	1.299	-0.169	0.933	17.0	R	HBOND
1i27	A	487	 	E	H	0.588	-1.121	-0.816	1.357	-1.453	1.477	0.113	-0.837	17.0	R	A	491	 	N	H	0.516	-1.167	-0.763	0.945	0.828	1.299	-0.169	0.933	17.0	R	VDW
1i27	A	496	 	I	H	0.03	-1.063	-0.804	-1.239	-0.547	2.131	0.393	0.816	15.0	P	A	500	 	L	H	0.146	-1.09	-0.615	-1.019	-0.987	-1.505	1.266	-0.912	17.0	R	HBOND
1i27	A	496	 	I	H	0.03	-1.063	-0.804	-1.239	-0.547	2.131	0.393	0.816	15.0	P	A	500	 	L	H	0.146	-1.09	-0.615	-1.019	-0.987	-1.505	1.266	-0.912	17.0	R	VDW
1i27	A	463	 	L	H	0.0	-1.288	-0.326	-1.019	-0.987	-1.505	1.266	-0.912	13.0	N	A	513	 	F	E	0.147	-1.759	2.515	-1.006	-0.59	1.891	-0.397	0.412	5.0	F	
1i27	A	470	 	T	H	0.444	-1.032	-0.733	-0.032	0.326	2.213	0.908	1.313	9.0	J	A	473	 	L	H	0.0	-1.146	-0.703	-1.019	-0.987	-1.505	1.266	-0.912	17.0	R	
1i27	A	445	 	G	-	0.905		-3.126	-0.384	1.652	1.33	1.045	2.064			A	448	 	G	G	0.345	1.567	0.064	-0.384	1.652	1.33	1.045	2.064	12.0	M	HBOND
1i27	A	468	 	M	B	0.037	-2.499	2.545	-0.663	-1.524	2.219	-1.005	1.212	0.0	A	A	513	 	F	E	0.147	-1.759	2.515	-1.006	-0.59	1.891	-0.397	0.412	5.0	F	HBOND
1i27	A	494	 	A	H	0.509	-1.063	-0.726	-0.591	-1.302	-0.733	1.57	-0.146	17.0	R	A	498	 	K	H	0.81	-1.027	-0.744	1.831	-0.561	0.533	-0.277	1.648	17.0	R	HBOND
1i27	A	491	 	N	H	0.516	-1.167	-0.763	0.945	0.828	1.299	-0.169	0.933	17.0	R	A	494	 	A	H	0.509	-1.063	-0.726	-0.591	-1.302	-0.733	1.57	-0.146	17.0	R	VDW
1i27	A	451	 	D	-	0.135	-1.106	2.442	1.05	0.302	-3.656	-0.259	-3.242	2.0	C	A	462	 	Y	H	0.135	-1.196	-0.786	0.26	0.83	3.097	-0.838	1.512	17.0	R	HBOND
1i27	A	451	 	D	-	0.135	-1.106	2.442	1.05	0.302	-3.656	-0.259	-3.242	2.0	C	A	462	 	Y	H	0.135	-1.196	-0.786	0.26	0.83	3.097	-0.838	1.512	17.0	R	VDW
1i27	A	451	 	D	-	0.135	-1.106	2.442	1.05	0.302	-3.656	-0.259	-3.242	2.0	C	A	481	 	K	H	0.366	-1.729	-0.694	1.831	-0.561	0.533	-0.277	1.648	14.0	O	
1i27	A	478	 	Q	-	0.47	-1.664	2.393	0.931	-0.179	-3.005	-0.503	-1.853	2.0	C	A	482	 	T	H	0.169	-1.602	-0.494	-0.032	0.326	2.213	0.908	1.313	6.0	G	HBOND
1i27	A	478	 	Q	-	0.47	-1.664	2.393	0.931	-0.179	-3.005	-0.503	-1.853	2.0	C	A	482	 	T	H	0.169	-1.602	-0.494	-0.032	0.326	2.213	0.908	1.313	6.0	G	VDW
1i27	A	503	 	E	E	0.474	-1.032	2.401	1.357	-1.453	1.477	0.113	-0.837	2.0	C	A	514	 	S	E	0.015	-2.566	2.384	-0.228	1.399	-4.76	0.67	-2.647	6.0	G	HBOND
1i27	A	503	 	E	E	0.474	-1.032	2.401	1.357	-1.453	1.477	0.113	-0.837	2.0	C	A	514	 	S	E	0.015	-2.566	2.384	-0.228	1.399	-4.76	0.67	-2.647	6.0	G	VDW
1i27	A	462	 	Y	H	0.135	-1.196	-0.786	0.26	0.83	3.097	-0.838	1.512	17.0	R	A	466	 	K	S	0.737	-2.916	2.726	1.831	-0.561	0.533	-0.277	1.648	2.0	C	HBOND
1i27	A	473	 	L	H	0.0	-1.146	-0.703	-1.019	-0.987	-1.505	1.266	-0.912	17.0	R	A	476	 	K	T	0.385	-1.406	-0.265	1.831	-0.561	0.533	-0.277	1.648	14.0	O	HBOND
1i27	A	492	 	V	H	0.345	-1.293	-0.572	-1.337	-0.279	-0.544	1.242	-1.262	17.0	R	A	495	 	Q	H	0.616	-1.074	-0.799	0.931	-0.179	-3.005	-0.503	-1.853	17.0	R	VDW
1i27	A	460	 	R	H	0.407	-1.044	-0.762	1.538	-0.055	1.502	0.44	2.897	13.0	N	A	463	 	L	H	0.0	-1.288	-0.326	-1.019	-0.987	-1.505	1.266	-0.912	13.0	N	
1i27	A	474	 	L	H	0.28	-1.026	-0.583	-1.019	-0.987	-1.505	1.266	-0.912	9.0	J	A	477	 	F	S	0.03	-2.084	1.536	-1.006	-0.59	1.891	-0.397	0.412	6.0	G	HBOND
1i27	A	474	 	L	H	0.28	-1.026	-0.583	-1.019	-0.987	-1.505	1.266	-0.912	9.0	J	A	477	 	F	S	0.03	-2.084	1.536	-1.006	-0.59	1.891	-0.397	0.412	6.0	G	VDW
1i27	A	456	 	E	H	0.289	-0.968	-0.772	1.357	-1.453	1.477	0.113	-0.837	9.0	J	A	459	 	V	H	0.0	-1.097	-0.716	-1.337	-0.279	-0.544	1.242	-1.262	17.0	R	
1i27	A	488	 	Q	H	0.52	-1.053	-0.67	0.931	-0.179	-3.005	-0.503	-1.853	17.0	R	A	491	 	N	H	0.516	-1.167	-0.763	0.945	0.828	1.299	-0.169	0.933	17.0	R	
1i27	A	486	 	S	H	0.7	-1.066	-0.665	-0.228	1.399	-4.76	0.67	-2.647	15.0	P	A	489	 	T	H	0.021	-1.216	-0.828	-0.032	0.326	2.213	0.908	1.313	11.0	L	
1i27	A	491	 	N	H	0.516	-1.167	-0.763	0.945	0.828	1.299	-0.169	0.933	17.0	R	A	495	 	Q	H	0.616	-1.074	-0.799	0.931	-0.179	-3.005	-0.503	-1.853	17.0	R	HBOND
1i27	A	489	 	T	H	0.021	-1.216	-0.828	-0.032	0.326	2.213	0.908	1.313	11.0	L	A	493	 	L	H	0.0	-1.02	-0.704	-1.019	-0.987	-1.505	1.266	-0.912	17.0	R	HBOND
1i27	A	455	 	T	-	0.282	-2.351	2.786	-0.032	0.326	2.213	0.908	1.313	2.0	C	A	459	 	V	H	0.0	-1.097	-0.716	-1.337	-0.279	-0.544	1.242	-1.262	17.0	R	HBOND
1i27	A	478	 	Q	-	0.47	-1.664	2.393	0.931	-0.179	-3.005	-0.503	-1.853	2.0	C	A	481	 	K	H	0.366	-1.729	-0.694	1.831	-0.561	0.533	-0.277	1.648	14.0	O	HBOND
1i27	A	461	 	R	H	0.492	-0.979	-0.797	1.538	-0.055	1.502	0.44	2.897	17.0	R	A	465	 	R	H	0.585	-1.398	-0.744	1.538	-0.055	1.502	0.44	2.897	17.0	R	
1i27	A	456	 	E	H	0.289	-0.968	-0.772	1.357	-1.453	1.477	0.113	-0.837	9.0	J	A	460	 	R	H	0.407	-1.044	-0.762	1.538	-0.055	1.502	0.44	2.897	13.0	N	HBOND
1i27	A	467	 	P	-	0.265	-1.125	2.489	0.189	2.081	-1.628	0.421	-1.392	18.0	S	A	513	 	F	E	0.147	-1.759	2.515	-1.006	-0.59	1.891	-0.397	0.412	5.0	F	
1i27	A	473	 	L	H	0.0	-1.146	-0.703	-1.019	-0.987	-1.505	1.266	-0.912	17.0	R	A	477	 	F	S	0.03	-2.084	1.536	-1.006	-0.59	1.891	-0.397	0.412	6.0	G	
1i27	A	497	 	L	H	0.085	-1.207	-0.679	-1.019	-0.987	-1.505	1.266	-0.912	1.0	B	A	502	 	P	P	0.037	-1.193	2.747	0.189	2.081	-1.628	0.421	-1.392	4.0	E	
1i27	A	448	 	G	G	0.345	1.567	0.064	-0.384	1.652	1.33	1.045	2.064	12.0	M	A	481	 	K	H	0.366	-1.729	-0.694	1.831	-0.561	0.533	-0.277	1.648	14.0	O	HBOND
1i27	A	487	 	E	H	0.588	-1.121	-0.816	1.357	-1.453	1.477	0.113	-0.837	17.0	R	A	490	 	V	H	0.359	-1.092	-0.649	-1.337	-0.279	-0.544	1.242	-1.262	15.0	P	VDW
1i27	A	479	 	T	H	0.507	-0.94	-0.628	-0.032	0.326	2.213	0.908	1.313	1.0	B	A	483	 	G	-	0.726	1.334	0.064	-0.384	1.652	1.33	1.045	2.064	17.0	R	HBOND
1i27	A	479	 	T	H	0.507	-0.94	-0.628	-0.032	0.326	2.213	0.908	1.313	1.0	B	A	483	 	G	-	0.726	1.334	0.064	-0.384	1.652	1.33	1.045	2.064	17.0	R	VDW
1i27	A	503	 	E	E	0.474	-1.032	2.401	1.357	-1.453	1.477	0.113	-0.837	2.0	C	A	517	 	E	-	1.0	0.965		1.357	-1.453	1.477	0.113	-0.837			HBOND
1i27	A	503	 	E	E	0.474	-1.032	2.401	1.357	-1.453	1.477	0.113	-0.837	2.0	C	A	517	 	E	-	1.0	0.965		1.357	-1.453	1.477	0.113	-0.837			VDW
1i27	A	507	 	I	E	0.373	-2.311	2.279	-1.239	-0.547	2.131	0.393	0.816	2.0	C	A	512	 	H	E	0.114	-1.946	2.675	0.336	-0.417	-1.673	-1.474	-0.078	16.0	Q	VDW
1i27	A	497	 	L	H	0.085	-1.207	-0.679	-1.019	-0.987	-1.505	1.266	-0.912	1.0	B	A	501	 	N	-	0.707	0.834	0.997	0.945	0.828	1.299	-0.169	0.933	17.0	R	HBOND
1i27	A	445	 	G	-	0.905		-3.126	-0.384	1.652	1.33	1.045	2.064			A	449	 	S	-	0.469	-1.193	2.761	-0.228	1.399	-4.76	0.67	-2.647	2.0	C	HBOND
1i27	A	459	 	V	H	0.0	-1.097	-0.716	-1.337	-0.279	-0.544	1.242	-1.262	17.0	R	A	463	 	L	H	0.0	-1.288	-0.326	-1.019	-0.987	-1.505	1.266	-0.912	13.0	N	HBOND
1i27	A	470	 	T	H	0.444	-1.032	-0.733	-0.032	0.326	2.213	0.908	1.313	9.0	J	A	474	 	L	H	0.28	-1.026	-0.583	-1.019	-0.987	-1.505	1.266	-0.912	9.0	J	HBOND
1i27	A	485	 	S	-	0.377	-1.177	2.908	-0.228	1.399	-4.76	0.67	-2.647	2.0	C	A	489	 	T	H	0.021	-1.216	-0.828	-0.032	0.326	2.213	0.908	1.313	11.0	L	HBOND
1i27	A	475	 	K	H	0.678	-1.09	-0.4	1.831	-0.561	0.533	-0.277	1.648	17.0	R	A	478	 	Q	-	0.47	-1.664	2.393	0.931	-0.179	-3.005	-0.503	-1.853	2.0	C	HBOND
1i27	A	484	 	L	-	0.335	-1.618	2.5	-1.019	-0.987	-1.505	1.266	-0.912	2.0	C	A	488	 	Q	H	0.52	-1.053	-0.67	0.931	-0.179	-3.005	-0.503	-1.853	17.0	R	VDW
1i27	A	460	 	R	H	0.407	-1.044	-0.762	1.538	-0.055	1.502	0.44	2.897	13.0	N	A	500	 	L	H	0.146	-1.09	-0.615	-1.019	-0.987	-1.505	1.266	-0.912	17.0	R	
1i27	A	451	 	D	-	0.135	-1.106	2.442	1.05	0.302	-3.656	-0.259	-3.242	2.0	C	A	458	 	A	H	0.0	-1.171	-0.768	-0.591	-1.302	-0.733	1.57	-0.146	17.0	R	VDW
1i27	A	486	 	S	H	0.7	-1.066	-0.665	-0.228	1.399	-4.76	0.67	-2.647	15.0	P	A	490	 	V	H	0.359	-1.092	-0.649	-1.337	-0.279	-0.544	1.242	-1.262	15.0	P	HBOND
1i27	A	486	 	S	H	0.7	-1.066	-0.665	-0.228	1.399	-4.76	0.67	-2.647	15.0	P	A	490	 	V	H	0.359	-1.092	-0.649	-1.337	-0.279	-0.544	1.242	-1.262	15.0	P	VDW
1i27	A	488	 	Q	H	0.52	-1.053	-0.67	0.931	-0.179	-3.005	-0.503	-1.853	17.0	R	A	492	 	V	H	0.345	-1.293	-0.572	-1.337	-0.279	-0.544	1.242	-1.262	17.0	R	HBOND
1i27	A	489	 	T	H	0.021	-1.216	-0.828	-0.032	0.326	2.213	0.908	1.313	11.0	L	A	492	 	V	H	0.345	-1.293	-0.572	-1.337	-0.279	-0.544	1.242	-1.262	17.0	R	
1i27	A	504	 	R	E	0.613	-1.493	2.328	1.538	-0.055	1.502	0.44	2.897	18.0	S	A	512	 	H	E	0.114	-1.946	2.675	0.336	-0.417	-1.673	-1.474	-0.078	16.0	Q	
1i27	A	479	 	T	H	0.507	-0.94	-0.628	-0.032	0.326	2.213	0.908	1.313	1.0	B	A	484	 	L	-	0.335	-1.618	2.5	-1.019	-0.987	-1.505	1.266	-0.912	2.0	C	HBOND
1i27	A	497	 	L	H	0.085	-1.207	-0.679	-1.019	-0.987	-1.505	1.266	-0.912	1.0	B	A	500	 	L	H	0.146	-1.09	-0.615	-1.019	-0.987	-1.505	1.266	-0.912	17.0	R	
1i27	A	492	 	V	H	0.345	-1.293	-0.572	-1.337	-0.279	-0.544	1.242	-1.262	17.0	R	A	496	 	I	H	0.03	-1.063	-0.804	-1.239	-0.547	2.131	0.393	0.816	15.0	P	HBOND
1i27	A	469	 	T	-	0.092	-1.464	3.005	-0.032	0.326	2.213	0.908	1.313	2.0	C	A	473	 	L	H	0.0	-1.146	-0.703	-1.019	-0.987	-1.505	1.266	-0.912	17.0	R	HBOND
1i27	A	493	 	L	H	0.0	-1.02	-0.704	-1.019	-0.987	-1.505	1.266	-0.912	17.0	R	A	497	 	L	H	0.085	-1.207	-0.679	-1.019	-0.987	-1.505	1.266	-0.912	1.0	B	HBOND
1i27	A	493	 	L	H	0.0	-1.02	-0.704	-1.019	-0.987	-1.505	1.266	-0.912	17.0	R	A	497	 	L	H	0.085	-1.207	-0.679	-1.019	-0.987	-1.505	1.266	-0.912	1.0	B	VDW
1i27	A	462	 	Y	H	0.135	-1.196	-0.786	0.26	0.83	3.097	-0.838	1.512	17.0	R	A	465	 	R	H	0.585	-1.398	-0.744	1.538	-0.055	1.502	0.44	2.897	17.0	R	HBOND
1i27	A	462	 	Y	H	0.135	-1.196	-0.786	0.26	0.83	3.097	-0.838	1.512	17.0	R	A	465	 	R	H	0.585	-1.398	-0.744	1.538	-0.055	1.502	0.44	2.897	17.0	R	VDW
1i27	A	446	 	P	G	0.772	-1.004	2.432	0.189	2.081	-1.628	0.421	-1.392	12.0	M	A	449	 	S	-	0.469	-1.193	2.761	-0.228	1.399	-4.76	0.67	-2.647	2.0	C	HBOND
1i27	A	446	 	P	G	0.772	-1.004	2.432	0.189	2.081	-1.628	0.421	-1.392	12.0	M	A	449	 	S	-	0.469	-1.193	2.761	-0.228	1.399	-4.76	0.67	-2.647	2.0	C	VDW
1i27	A	472	 	D	H	0.35	-1.072	-0.765	1.05	0.302	-3.656	-0.259	-3.242	14.0	O	A	475	 	K	H	0.678	-1.09	-0.4	1.831	-0.561	0.533	-0.277	1.648	17.0	R	
1i27	A	495	 	Q	H	0.616	-1.074	-0.799	0.931	-0.179	-3.005	-0.503	-1.853	17.0	R	A	498	 	K	H	0.81	-1.027	-0.744	1.831	-0.561	0.533	-0.277	1.648	17.0	R	
1i27	A	458	 	A	H	0.0	-1.171	-0.768	-0.591	-1.302	-0.733	1.57	-0.146	17.0	R	A	462	 	Y	H	0.135	-1.196	-0.786	0.26	0.83	3.097	-0.838	1.512	17.0	R	HBOND
1i27	A	463	 	L	H	0.0	-1.288	-0.326	-1.019	-0.987	-1.505	1.266	-0.912	13.0	N	A	515	 	L	S	0.299	-1.911	0.282	-1.019	-0.987	-1.505	1.266	-0.912	12.0	M	HBOND
1i27	A	463	 	L	H	0.0	-1.288	-0.326	-1.019	-0.987	-1.505	1.266	-0.912	13.0	N	A	515	 	L	S	0.299	-1.911	0.282	-1.019	-0.987	-1.505	1.266	-0.912	12.0	M	VDW
1i27	A	457	 	D	H	0.607	-0.996	-0.764	1.05	0.302	-3.656	-0.259	-3.242	17.0	R	A	461	 	R	H	0.492	-0.979	-0.797	1.538	-0.055	1.502	0.44	2.897	17.0	R	HBOND
1i27	A	457	 	D	H	0.607	-0.996	-0.764	1.05	0.302	-3.656	-0.259	-3.242	17.0	R	A	461	 	R	H	0.492	-0.979	-0.797	1.538	-0.055	1.502	0.44	2.897	17.0	R	VDW
1i27	A	459	 	V	H	0.0	-1.097	-0.716	-1.337	-0.279	-0.544	1.242	-1.262	17.0	R	A	462	 	Y	H	0.135	-1.196	-0.786	0.26	0.83	3.097	-0.838	1.512	17.0	R	
