pdb_id	s_ch	s_resi	s_ins	s_resn	s_ss8	s_rsa	s_phi	s_psi	s_a1	s_a2	s_a3	s_a4	s_a5	s_3di_state	s_3di_letter	t_ch	t_resi	t_ins	t_resn	t_ss8	t_rsa	t_phi	t_psi	t_a1	t_a2	t_a3	t_a4	t_a5	t_3di_state	t_3di_letter	Interaction	same_chain	delta_rsa	delta_atchley_1	delta_atchley_2	delta_atchley_3	delta_atchley_4	delta_atchley_5	ca_distance	s_centroid_x	s_centroid_y	t_centroid_x	t_centroid_y
1i27	A	495	 	Q	H	0.616	-1.074	-0.799	0.931	-0.179	-3.005	-0.503	-1.853	17.0	R	A	499	 	R	H	0.597	-1.247	-0.838	1.538	-0.055	1.502	0.44	2.897	17.0	R	HBOND	1	0.019000000000000017	0.607	0.124	4.507	0.9430000000000001	4.75	6.290668	0.7786310315132141	-2.165998935699463	0.7786310315132141	-2.165998935699463
1i27	A	457	 	D	H	0.607	-0.996	-0.764	1.05	0.302	-3.656	-0.259	-3.242	17.0	R	A	460	 	R	H	0.407	-1.044	-0.762	1.538	-0.055	1.502	0.44	2.897	13.0	N		1	0.2	0.488	0.357	5.158	0.6990000000000001	6.138999999999999	5.098444	0.7786310315132141	-2.165998935699463	-1.1061184406280518	-1.33966064453125
1i27	A	469	 	T	-	0.092	-1.464	3.005	-0.032	0.326	2.213	0.908	1.313	2.0	C	A	472	 	D	H	0.35	-1.072	-0.765	1.05	0.302	-3.656	-0.259	-3.242	14.0	O	HBOND	1	0.258	1.082	0.02400000000000002	5.869	1.167	4.555	5.0094023	0.4948263466358185	-0.42048582434654236	2.1495141983032227	-0.8029915690422058
1i27	A	458	 	A	H	0.0	-1.171	-0.768	-0.591	-1.302	-0.733	1.57	-0.146	17.0	R	A	461	 	R	H	0.492	-0.979	-0.797	1.538	-0.055	1.502	0.44	2.897	17.0	R	VDW	1	0.492	2.129	1.247	2.235	1.1300000000000001	3.0429999999999997	5.1792274	0.7786310315132141	-2.165998935699463	0.7786310315132141	-2.165998935699463
1i27	A	471	 	K	H	0.717	-1.043	-0.74	1.831	-0.561	0.533	-0.277	1.648	17.0	R	A	474	 	L	H	0.28	-1.026	-0.583	-1.019	-0.987	-1.505	1.266	-0.912	9.0	J		1	0.43699999999999994	2.8499999999999996	0.42599999999999993	2.038	1.5430000000000001	2.56	5.1377378	0.7786310315132141	-2.165998935699463	-1.140000581741333	-2.006822347640991
1i27	A	471	 	K	H	0.717	-1.043	-0.74	1.831	-0.561	0.533	-0.277	1.648	17.0	R	A	475	 	K	H	0.678	-1.09	-0.4	1.831	-0.561	0.533	-0.277	1.648	17.0	R	HBOND	1	0.038999999999999924	0.0	0.0	0.0	0.0	0.0	6.567187	0.7786310315132141	-2.165998935699463	0.7786310315132141	-2.165998935699463
1i27	A	490	 	V	H	0.359	-1.092	-0.649	-1.337	-0.279	-0.544	1.242	-1.262	15.0	P	A	494	 	A	H	0.509	-1.063	-0.726	-0.591	-1.302	-0.733	1.57	-0.146	17.0	R	HBOND	1	0.15000000000000002	0.746	1.0230000000000001	0.18899999999999995	0.32800000000000007	1.116	6.0789046	2.305978536605835	-1.498815655708313	0.7786310315132141	-2.165998935699463
1i27	A	496	 	I	H	0.03	-1.063	-0.804	-1.239	-0.547	2.131	0.393	0.816	15.0	P	A	499	 	R	H	0.597	-1.247	-0.838	1.538	-0.055	1.502	0.44	2.897	17.0	R		1	0.567	2.777	0.49200000000000005	0.6289999999999998	0.046999999999999986	2.081	5.3191967	2.305978536605835	-1.498815655708313	0.7786310315132141	-2.165998935699463
1i27	A	507	 	I	E	0.373	-2.311	2.279	-1.239	-0.547	2.131	0.393	0.816	2.0	C	A	510	 	K	E	0.6	-2.436	2.321	1.831	-0.561	0.533	-0.277	1.648	2.0	C	HBOND	1	0.22699999999999998	3.0700000000000003	0.014000000000000012	1.5979999999999999	0.67	0.832	5.4217005	0.4948263466358185	-0.42048582434654236	0.4948263466358185	-0.42048582434654236
1i27	A	507	 	I	E	0.373	-2.311	2.279	-1.239	-0.547	2.131	0.393	0.816	2.0	C	A	510	 	K	E	0.6	-2.436	2.321	1.831	-0.561	0.533	-0.277	1.648	2.0	C	VDW	1	0.22699999999999998	3.0700000000000003	0.014000000000000012	1.5979999999999999	0.67	0.832	5.4217005	0.4948263466358185	-0.42048582434654236	0.4948263466358185	-0.42048582434654236
1i27	A	494	 	A	H	0.509	-1.063	-0.726	-0.591	-1.302	-0.733	1.57	-0.146	17.0	R	A	497	 	L	H	0.085	-1.207	-0.679	-1.019	-0.987	-1.505	1.266	-0.912	1.0	B		1	0.424	0.42799999999999994	0.31500000000000006	0.7719999999999999	0.30400000000000005	0.766	5.2254643	0.7786310315132141	-2.165998935699463	-0.1356317102909088	-1.8913732767105103
1i27	A	505	 	K	E	0.351	-2.285	2.265	1.831	-0.561	0.533	-0.277	1.648	2.0	C	A	512	 	H	E	0.114	-1.946	2.675	0.336	-0.417	-1.673	-1.474	-0.078	16.0	Q	HBOND	1	0.237	1.4949999999999999	0.14400000000000007	2.206	1.197	1.726	5.107574	0.4948263466358185	-0.42048582434654236	2.5521750450134277	0.6046215891838074
1i27	A	505	 	K	E	0.351	-2.285	2.265	1.831	-0.561	0.533	-0.277	1.648	2.0	C	A	512	 	H	E	0.114	-1.946	2.675	0.336	-0.417	-1.673	-1.474	-0.078	16.0	Q	VDW	1	0.237	1.4949999999999999	0.14400000000000007	2.206	1.197	1.726	5.107574	0.4948263466358185	-0.42048582434654236	2.5521750450134277	0.6046215891838074
1i27	A	451	 	D	-	0.135	-1.106	2.442	1.05	0.302	-3.656	-0.259	-3.242	2.0	C	A	476	 	K	T	0.385	-1.406	-0.265	1.831	-0.561	0.533	-0.277	1.648	14.0	O		1	0.25	0.7809999999999999	0.863	4.189	0.018000000000000016	4.89	6.8981066	0.4948263466358185	-0.42048582434654236	2.1495141983032227	-0.8029915690422058
1i27	A	490	 	V	H	0.359	-1.092	-0.649	-1.337	-0.279	-0.544	1.242	-1.262	15.0	P	A	493	 	L	H	0.0	-1.02	-0.704	-1.019	-0.987	-1.505	1.266	-0.912	17.0	R		1	0.359	0.31800000000000006	0.708	0.9609999999999999	0.02400000000000002	0.35	5.020536	2.305978536605835	-1.498815655708313	0.7786310315132141	-2.165998935699463
1i27	A	455	 	T	-	0.282	-2.351	2.786	-0.032	0.326	2.213	0.908	1.313	2.0	C	A	458	 	A	H	0.0	-1.171	-0.768	-0.591	-1.302	-0.733	1.57	-0.146	17.0	R	HBOND	1	0.282	0.5589999999999999	1.6280000000000001	2.946	0.662	1.4589999999999999	5.230554	0.4948263466358185	-0.42048582434654236	0.7786310315132141	-2.165998935699463
1i27	A	485	 	S	-	0.377	-1.177	2.908	-0.228	1.399	-4.76	0.67	-2.647	2.0	C	A	488	 	Q	H	0.52	-1.053	-0.67	0.931	-0.179	-3.005	-0.503	-1.853	17.0	R	HBOND	1	0.14300000000000002	1.159	1.578	1.755	1.173	0.7939999999999998	5.1344924	0.4948263466358185	-0.42048582434654236	0.7786310315132141	-2.165998935699463
1i27	A	503	 	E	E	0.474	-1.032	2.401	1.357	-1.453	1.477	0.113	-0.837	2.0	C	A	513	 	F	E	0.147	-1.759	2.515	-1.006	-0.59	1.891	-0.397	0.412	5.0	F		1	0.32699999999999996	2.363	0.8630000000000001	0.4139999999999999	0.51	1.2489999999999999	5.5968204	0.4948263466358185	-0.42048582434654236	2.139425039291382	0.04861213266849518
1i27	A	493	 	L	H	0.0	-1.02	-0.704	-1.019	-0.987	-1.505	1.266	-0.912	17.0	R	A	496	 	I	H	0.03	-1.063	-0.804	-1.239	-0.547	2.131	0.393	0.816	15.0	P	VDW	1	0.03	0.2200000000000002	0.43999999999999995	3.6359999999999997	0.873	1.728	4.9713416	0.7786310315132141	-2.165998935699463	2.305978536605835	-1.498815655708313
1i27	A	452	 	V	S	0.613	-1.91	-0.1	-1.337	-0.279	-0.544	1.242	-1.262	13.0	N	A	482	 	T	H	0.169	-1.602	-0.494	-0.032	0.326	2.213	0.908	1.313	6.0	G		1	0.44399999999999995	1.305	0.605	2.757	0.33399999999999996	2.575	4.2332845	-1.1061184406280518	-1.33966064453125	1.5557888746261597	-0.15026287734508514
1i27	A	460	 	R	H	0.407	-1.044	-0.762	1.538	-0.055	1.502	0.44	2.897	13.0	N	A	464	 	T	H	0.542	-1.37	-0.344	-0.032	0.326	2.213	0.908	1.313	0.0	A	HBOND	1	0.13500000000000006	1.57	0.381	0.7110000000000001	0.468	1.5839999999999999	5.9629617	-1.1061184406280518	-1.33966064453125	-1.0729100704193115	-0.3599843382835388
1i27	A	479	 	T	H	0.507	-0.94	-0.628	-0.032	0.326	2.213	0.908	1.313	1.0	B	A	482	 	T	H	0.169	-1.602	-0.494	-0.032	0.326	2.213	0.908	1.313	6.0	G		1	0.33799999999999997	0.0	0.0	0.0	0.0	0.0	5.016631	-0.1356317102909088	-1.8913732767105103	1.5557888746261597	-0.15026287734508514
1i27	A	487	 	E	H	0.588	-1.121	-0.816	1.357	-1.453	1.477	0.113	-0.837	17.0	R	A	491	 	N	H	0.516	-1.167	-0.763	0.945	0.828	1.299	-0.169	0.933	17.0	R	HBOND	1	0.07199999999999995	0.41200000000000003	2.281	0.17800000000000016	0.28200000000000003	1.77	6.1489367	0.7786310315132141	-2.165998935699463	0.7786310315132141	-2.165998935699463
1i27	A	487	 	E	H	0.588	-1.121	-0.816	1.357	-1.453	1.477	0.113	-0.837	17.0	R	A	491	 	N	H	0.516	-1.167	-0.763	0.945	0.828	1.299	-0.169	0.933	17.0	R	VDW	1	0.07199999999999995	0.41200000000000003	2.281	0.17800000000000016	0.28200000000000003	1.77	6.1489367	0.7786310315132141	-2.165998935699463	0.7786310315132141	-2.165998935699463
1i27	A	496	 	I	H	0.03	-1.063	-0.804	-1.239	-0.547	2.131	0.393	0.816	15.0	P	A	500	 	L	H	0.146	-1.09	-0.615	-1.019	-0.987	-1.505	1.266	-0.912	17.0	R	HBOND	1	0.11599999999999999	0.2200000000000002	0.43999999999999995	3.6359999999999997	0.873	1.728	6.053215	2.305978536605835	-1.498815655708313	0.7786310315132141	-2.165998935699463
1i27	A	496	 	I	H	0.03	-1.063	-0.804	-1.239	-0.547	2.131	0.393	0.816	15.0	P	A	500	 	L	H	0.146	-1.09	-0.615	-1.019	-0.987	-1.505	1.266	-0.912	17.0	R	VDW	1	0.11599999999999999	0.2200000000000002	0.43999999999999995	3.6359999999999997	0.873	1.728	6.053215	2.305978536605835	-1.498815655708313	0.7786310315132141	-2.165998935699463
1i27	A	463	 	L	H	0.0	-1.288	-0.326	-1.019	-0.987	-1.505	1.266	-0.912	13.0	N	A	513	 	F	E	0.147	-1.759	2.515	-1.006	-0.59	1.891	-0.397	0.412	5.0	F		1	0.147	0.0129999999999999	0.397	3.396	1.663	1.324	6.7821527	-1.1061184406280518	-1.33966064453125	2.139425039291382	0.04861213266849518
1i27	A	470	 	T	H	0.444	-1.032	-0.733	-0.032	0.326	2.213	0.908	1.313	9.0	J	A	473	 	L	H	0.0	-1.146	-0.703	-1.019	-0.987	-1.505	1.266	-0.912	17.0	R		1	0.444	0.9869999999999999	1.313	3.718	0.358	2.225	5.0589576	-1.140000581741333	-2.006822347640991	0.7786310315132141	-2.165998935699463
1i27	A	445	 	G	-	0.905		-3.126	-0.384	1.652	1.33	1.045	2.064			A	448	 	G	G	0.345	1.567	0.064	-0.384	1.652	1.33	1.045	2.064	12.0	M	HBOND	1	0.56	0.0	0.0	0.0	0.0	0.0	5.5504355			0.6901140809059143	-1.2554224729537964
1i27	A	468	 	M	B	0.037	-2.499	2.545	-0.663	-1.524	2.219	-1.005	1.212	0.0	A	A	513	 	F	E	0.147	-1.759	2.515	-1.006	-0.59	1.891	-0.397	0.412	5.0	F	HBOND	1	0.10999999999999999	0.34299999999999997	0.934	0.32799999999999985	0.6079999999999999	0.8	5.358337	-1.0729100704193115	-0.3599843382835388	2.139425039291382	0.04861213266849518
1i27	A	494	 	A	H	0.509	-1.063	-0.726	-0.591	-1.302	-0.733	1.57	-0.146	17.0	R	A	498	 	K	H	0.81	-1.027	-0.744	1.831	-0.561	0.533	-0.277	1.648	17.0	R	HBOND	1	0.30100000000000005	2.4219999999999997	0.741	1.266	1.847	1.7939999999999998	6.0759473	0.7786310315132141	-2.165998935699463	0.7786310315132141	-2.165998935699463
1i27	A	491	 	N	H	0.516	-1.167	-0.763	0.945	0.828	1.299	-0.169	0.933	17.0	R	A	494	 	A	H	0.509	-1.063	-0.726	-0.591	-1.302	-0.733	1.57	-0.146	17.0	R	VDW	1	0.007000000000000006	1.536	2.13	2.032	1.739	1.079	5.1515923	0.7786310315132141	-2.165998935699463	0.7786310315132141	-2.165998935699463
1i27	A	451	 	D	-	0.135	-1.106	2.442	1.05	0.302	-3.656	-0.259	-3.242	2.0	C	A	462	 	Y	H	0.135	-1.196	-0.786	0.26	0.83	3.097	-0.838	1.512	17.0	R	HBOND	1	0.0	0.79	0.528	6.753	0.579	4.754	10.949257	0.4948263466358185	-0.42048582434654236	0.7786310315132141	-2.165998935699463
1i27	A	451	 	D	-	0.135	-1.106	2.442	1.05	0.302	-3.656	-0.259	-3.242	2.0	C	A	462	 	Y	H	0.135	-1.196	-0.786	0.26	0.83	3.097	-0.838	1.512	17.0	R	VDW	1	0.0	0.79	0.528	6.753	0.579	4.754	10.949257	0.4948263466358185	-0.42048582434654236	0.7786310315132141	-2.165998935699463
1i27	A	451	 	D	-	0.135	-1.106	2.442	1.05	0.302	-3.656	-0.259	-3.242	2.0	C	A	481	 	K	H	0.366	-1.729	-0.694	1.831	-0.561	0.533	-0.277	1.648	14.0	O		1	0.23099999999999998	0.7809999999999999	0.863	4.189	0.018000000000000016	4.89	6.6504493	0.4948263466358185	-0.42048582434654236	2.1495141983032227	-0.8029915690422058
1i27	A	478	 	Q	-	0.47	-1.664	2.393	0.931	-0.179	-3.005	-0.503	-1.853	2.0	C	A	482	 	T	H	0.169	-1.602	-0.494	-0.032	0.326	2.213	0.908	1.313	6.0	G	HBOND	1	0.30099999999999993	0.9630000000000001	0.505	5.218	1.411	3.166	6.1365013	0.4948263466358185	-0.42048582434654236	1.5557888746261597	-0.15026287734508514
1i27	A	478	 	Q	-	0.47	-1.664	2.393	0.931	-0.179	-3.005	-0.503	-1.853	2.0	C	A	482	 	T	H	0.169	-1.602	-0.494	-0.032	0.326	2.213	0.908	1.313	6.0	G	VDW	1	0.30099999999999993	0.9630000000000001	0.505	5.218	1.411	3.166	6.1365013	0.4948263466358185	-0.42048582434654236	1.5557888746261597	-0.15026287734508514
1i27	A	503	 	E	E	0.474	-1.032	2.401	1.357	-1.453	1.477	0.113	-0.837	2.0	C	A	514	 	S	E	0.015	-2.566	2.384	-0.228	1.399	-4.76	0.67	-2.647	6.0	G	HBOND	1	0.45899999999999996	1.585	2.8520000000000003	6.237	0.557	1.8099999999999998	5.2300353	0.4948263466358185	-0.42048582434654236	1.5557888746261597	-0.15026287734508514
1i27	A	503	 	E	E	0.474	-1.032	2.401	1.357	-1.453	1.477	0.113	-0.837	2.0	C	A	514	 	S	E	0.015	-2.566	2.384	-0.228	1.399	-4.76	0.67	-2.647	6.0	G	VDW	1	0.45899999999999996	1.585	2.8520000000000003	6.237	0.557	1.8099999999999998	5.2300353	0.4948263466358185	-0.42048582434654236	1.5557888746261597	-0.15026287734508514
1i27	A	462	 	Y	H	0.135	-1.196	-0.786	0.26	0.83	3.097	-0.838	1.512	17.0	R	A	466	 	K	S	0.737	-2.916	2.726	1.831	-0.561	0.533	-0.277	1.648	2.0	C	HBOND	1	0.602	1.571	1.391	2.564	0.5609999999999999	0.1359999999999999	6.7801814	0.7786310315132141	-2.165998935699463	0.4948263466358185	-0.42048582434654236
1i27	A	473	 	L	H	0.0	-1.146	-0.703	-1.019	-0.987	-1.505	1.266	-0.912	17.0	R	A	476	 	K	T	0.385	-1.406	-0.265	1.831	-0.561	0.533	-0.277	1.648	14.0	O	HBOND	1	0.385	2.8499999999999996	0.42599999999999993	2.038	1.5430000000000001	2.56	5.385287	0.7786310315132141	-2.165998935699463	2.1495141983032227	-0.8029915690422058
1i27	A	492	 	V	H	0.345	-1.293	-0.572	-1.337	-0.279	-0.544	1.242	-1.262	17.0	R	A	495	 	Q	H	0.616	-1.074	-0.799	0.931	-0.179	-3.005	-0.503	-1.853	17.0	R	VDW	1	0.271	2.268	0.10000000000000003	2.461	1.745	0.591	4.92693	0.7786310315132141	-2.165998935699463	0.7786310315132141	-2.165998935699463
1i27	A	460	 	R	H	0.407	-1.044	-0.762	1.538	-0.055	1.502	0.44	2.897	13.0	N	A	463	 	L	H	0.0	-1.288	-0.326	-1.019	-0.987	-1.505	1.266	-0.912	13.0	N		1	0.407	2.557	0.9319999999999999	3.0069999999999997	0.8260000000000001	3.8089999999999997	5.154071	-1.1061184406280518	-1.33966064453125	-1.1061184406280518	-1.33966064453125
1i27	A	474	 	L	H	0.28	-1.026	-0.583	-1.019	-0.987	-1.505	1.266	-0.912	9.0	J	A	477	 	F	S	0.03	-2.084	1.536	-1.006	-0.59	1.891	-0.397	0.412	6.0	G	HBOND	1	0.25	0.0129999999999999	0.397	3.396	1.663	1.324	5.331325	-1.140000581741333	-2.006822347640991	1.5557888746261597	-0.15026287734508514
1i27	A	474	 	L	H	0.28	-1.026	-0.583	-1.019	-0.987	-1.505	1.266	-0.912	9.0	J	A	477	 	F	S	0.03	-2.084	1.536	-1.006	-0.59	1.891	-0.397	0.412	6.0	G	VDW	1	0.25	0.0129999999999999	0.397	3.396	1.663	1.324	5.331325	-1.140000581741333	-2.006822347640991	1.5557888746261597	-0.15026287734508514
1i27	A	456	 	E	H	0.289	-0.968	-0.772	1.357	-1.453	1.477	0.113	-0.837	9.0	J	A	459	 	V	H	0.0	-1.097	-0.716	-1.337	-0.279	-0.544	1.242	-1.262	17.0	R		1	0.289	2.694	1.174	2.021	1.129	0.42500000000000004	5.1204824	-1.140000581741333	-2.006822347640991	0.7786310315132141	-2.165998935699463
1i27	A	488	 	Q	H	0.52	-1.053	-0.67	0.931	-0.179	-3.005	-0.503	-1.853	17.0	R	A	491	 	N	H	0.516	-1.167	-0.763	0.945	0.828	1.299	-0.169	0.933	17.0	R		1	0.0040000000000000036	0.013999999999999901	1.007	4.304	0.33399999999999996	2.786	5.2652097	0.7786310315132141	-2.165998935699463	0.7786310315132141	-2.165998935699463
1i27	A	486	 	S	H	0.7	-1.066	-0.665	-0.228	1.399	-4.76	0.67	-2.647	15.0	P	A	489	 	T	H	0.021	-1.216	-0.828	-0.032	0.326	2.213	0.908	1.313	11.0	L		1	0.6789999999999999	0.196	1.073	6.973	0.238	3.96	5.0167956	2.305978536605835	-1.498815655708313	1.7768839597702026	-1.303723931312561
1i27	A	491	 	N	H	0.516	-1.167	-0.763	0.945	0.828	1.299	-0.169	0.933	17.0	R	A	495	 	Q	H	0.616	-1.074	-0.799	0.931	-0.179	-3.005	-0.503	-1.853	17.0	R	HBOND	1	0.09999999999999998	0.013999999999999901	1.007	4.304	0.33399999999999996	2.786	6.5065193	0.7786310315132141	-2.165998935699463	0.7786310315132141	-2.165998935699463
1i27	A	489	 	T	H	0.021	-1.216	-0.828	-0.032	0.326	2.213	0.908	1.313	11.0	L	A	493	 	L	H	0.0	-1.02	-0.704	-1.019	-0.987	-1.505	1.266	-0.912	17.0	R	HBOND	1	0.021	0.9869999999999999	1.313	3.718	0.358	2.225	6.077572	1.7768839597702026	-1.303723931312561	0.7786310315132141	-2.165998935699463
1i27	A	455	 	T	-	0.282	-2.351	2.786	-0.032	0.326	2.213	0.908	1.313	2.0	C	A	459	 	V	H	0.0	-1.097	-0.716	-1.337	-0.279	-0.544	1.242	-1.262	17.0	R	HBOND	1	0.282	1.305	0.605	2.757	0.33399999999999996	2.575	6.3243976	0.4948263466358185	-0.42048582434654236	0.7786310315132141	-2.165998935699463
1i27	A	478	 	Q	-	0.47	-1.664	2.393	0.931	-0.179	-3.005	-0.503	-1.853	2.0	C	A	481	 	K	H	0.366	-1.729	-0.694	1.831	-0.561	0.533	-0.277	1.648	14.0	O	HBOND	1	0.10399999999999998	0.8999999999999999	0.38200000000000006	3.538	0.22599999999999998	3.501	5.4696527	0.4948263466358185	-0.42048582434654236	2.1495141983032227	-0.8029915690422058
1i27	A	461	 	R	H	0.492	-0.979	-0.797	1.538	-0.055	1.502	0.44	2.897	17.0	R	A	465	 	R	H	0.585	-1.398	-0.744	1.538	-0.055	1.502	0.44	2.897	17.0	R		1	0.09299999999999997	0.0	0.0	0.0	0.0	0.0	6.7107034	0.7786310315132141	-2.165998935699463	0.7786310315132141	-2.165998935699463
1i27	A	456	 	E	H	0.289	-0.968	-0.772	1.357	-1.453	1.477	0.113	-0.837	9.0	J	A	460	 	R	H	0.407	-1.044	-0.762	1.538	-0.055	1.502	0.44	2.897	13.0	N	HBOND	1	0.118	0.18100000000000005	1.3980000000000001	0.02499999999999991	0.327	3.734	5.9138265	-1.140000581741333	-2.006822347640991	-1.1061184406280518	-1.33966064453125
1i27	A	467	 	P	-	0.265	-1.125	2.489	0.189	2.081	-1.628	0.421	-1.392	18.0	S	A	513	 	F	E	0.147	-1.759	2.515	-1.006	-0.59	1.891	-0.397	0.412	5.0	F		1	0.11800000000000002	1.195	2.671	3.519	0.8180000000000001	1.8039999999999998	5.2700505	-2.3030261993408203	0.38133013248443604	2.139425039291382	0.04861213266849518
1i27	A	473	 	L	H	0.0	-1.146	-0.703	-1.019	-0.987	-1.505	1.266	-0.912	17.0	R	A	477	 	F	S	0.03	-2.084	1.536	-1.006	-0.59	1.891	-0.397	0.412	6.0	G		1	0.03	0.0129999999999999	0.397	3.396	1.663	1.324	7.1247306	0.7786310315132141	-2.165998935699463	1.5557888746261597	-0.15026287734508514
1i27	A	497	 	L	H	0.085	-1.207	-0.679	-1.019	-0.987	-1.505	1.266	-0.912	1.0	B	A	502	 	P	P	0.037	-1.193	2.747	0.189	2.081	-1.628	0.421	-1.392	4.0	E		1	0.04800000000000001	1.208	3.068	0.123	0.845	0.47999999999999987	6.934242	-0.1356317102909088	-1.8913732767105103	-1.6621427536010742	-0.4258682429790497
1i27	A	448	 	G	G	0.345	1.567	0.064	-0.384	1.652	1.33	1.045	2.064	12.0	M	A	481	 	K	H	0.366	-1.729	-0.694	1.831	-0.561	0.533	-0.277	1.648	14.0	O	HBOND	1	0.02100000000000002	2.215	2.213	0.797	1.322	0.41600000000000015	8.51784	0.6901140809059143	-1.2554224729537964	2.1495141983032227	-0.8029915690422058
1i27	A	487	 	E	H	0.588	-1.121	-0.816	1.357	-1.453	1.477	0.113	-0.837	17.0	R	A	490	 	V	H	0.359	-1.092	-0.649	-1.337	-0.279	-0.544	1.242	-1.262	15.0	P	VDW	1	0.22899999999999998	2.694	1.174	2.021	1.129	0.42500000000000004	5.337737	0.7786310315132141	-2.165998935699463	2.305978536605835	-1.498815655708313
1i27	A	479	 	T	H	0.507	-0.94	-0.628	-0.032	0.326	2.213	0.908	1.313	1.0	B	A	483	 	G	-	0.726	1.334	0.064	-0.384	1.652	1.33	1.045	2.064	17.0	R	HBOND	1	0.21899999999999997	0.352	1.3259999999999998	0.883	0.1369999999999999	0.7510000000000001	4.786276	-0.1356317102909088	-1.8913732767105103	0.7786310315132141	-2.165998935699463
1i27	A	479	 	T	H	0.507	-0.94	-0.628	-0.032	0.326	2.213	0.908	1.313	1.0	B	A	483	 	G	-	0.726	1.334	0.064	-0.384	1.652	1.33	1.045	2.064	17.0	R	VDW	1	0.21899999999999997	0.352	1.3259999999999998	0.883	0.1369999999999999	0.7510000000000001	4.786276	-0.1356317102909088	-1.8913732767105103	0.7786310315132141	-2.165998935699463
1i27	A	503	 	E	E	0.474	-1.032	2.401	1.357	-1.453	1.477	0.113	-0.837	2.0	C	A	517	 	E	-	1.0	0.965		1.357	-1.453	1.477	0.113	-0.837			HBOND	1	0.526	0.0	0.0	0.0	0.0	0.0	8.875601	0.4948263466358185	-0.42048582434654236		
1i27	A	503	 	E	E	0.474	-1.032	2.401	1.357	-1.453	1.477	0.113	-0.837	2.0	C	A	517	 	E	-	1.0	0.965		1.357	-1.453	1.477	0.113	-0.837			VDW	1	0.526	0.0	0.0	0.0	0.0	0.0	8.875601	0.4948263466358185	-0.42048582434654236		
1i27	A	507	 	I	E	0.373	-2.311	2.279	-1.239	-0.547	2.131	0.393	0.816	2.0	C	A	512	 	H	E	0.114	-1.946	2.675	0.336	-0.417	-1.673	-1.474	-0.078	16.0	Q	VDW	1	0.259	1.5750000000000002	0.13000000000000006	3.804	1.867	0.8939999999999999	6.625127	0.4948263466358185	-0.42048582434654236	2.5521750450134277	0.6046215891838074
1i27	A	497	 	L	H	0.085	-1.207	-0.679	-1.019	-0.987	-1.505	1.266	-0.912	1.0	B	A	501	 	N	-	0.707	0.834	0.997	0.945	0.828	1.299	-0.169	0.933	17.0	R	HBOND	1	0.622	1.964	1.815	2.804	1.435	1.8450000000000002	5.6907268	-0.1356317102909088	-1.8913732767105103	0.7786310315132141	-2.165998935699463
1i27	A	445	 	G	-	0.905		-3.126	-0.384	1.652	1.33	1.045	2.064			A	449	 	S	-	0.469	-1.193	2.761	-0.228	1.399	-4.76	0.67	-2.647	2.0	C	HBOND	1	0.43600000000000005	0.156	0.2529999999999999	6.09	0.3749999999999999	4.711	4.6803617			0.4948263466358185	-0.42048582434654236
1i27	A	459	 	V	H	0.0	-1.097	-0.716	-1.337	-0.279	-0.544	1.242	-1.262	17.0	R	A	463	 	L	H	0.0	-1.288	-0.326	-1.019	-0.987	-1.505	1.266	-0.912	13.0	N	HBOND	1	0.0	0.31800000000000006	0.708	0.9609999999999999	0.02400000000000002	0.35	6.1443887	0.7786310315132141	-2.165998935699463	-1.1061184406280518	-1.33966064453125
1i27	A	470	 	T	H	0.444	-1.032	-0.733	-0.032	0.326	2.213	0.908	1.313	9.0	J	A	474	 	L	H	0.28	-1.026	-0.583	-1.019	-0.987	-1.505	1.266	-0.912	9.0	J	HBOND	1	0.16399999999999998	0.9869999999999999	1.313	3.718	0.358	2.225	6.1505504	-1.140000581741333	-2.006822347640991	-1.140000581741333	-2.006822347640991
1i27	A	485	 	S	-	0.377	-1.177	2.908	-0.228	1.399	-4.76	0.67	-2.647	2.0	C	A	489	 	T	H	0.021	-1.216	-0.828	-0.032	0.326	2.213	0.908	1.313	11.0	L	HBOND	1	0.356	0.196	1.073	6.973	0.238	3.96	6.090759	0.4948263466358185	-0.42048582434654236	1.7768839597702026	-1.303723931312561
1i27	A	475	 	K	H	0.678	-1.09	-0.4	1.831	-0.561	0.533	-0.277	1.648	17.0	R	A	478	 	Q	-	0.47	-1.664	2.393	0.931	-0.179	-3.005	-0.503	-1.853	2.0	C	HBOND	1	0.20800000000000007	0.8999999999999999	0.38200000000000006	3.538	0.22599999999999998	3.501	6.3457456	0.7786310315132141	-2.165998935699463	0.4948263466358185	-0.42048582434654236
1i27	A	484	 	L	-	0.335	-1.618	2.5	-1.019	-0.987	-1.505	1.266	-0.912	2.0	C	A	488	 	Q	H	0.52	-1.053	-0.67	0.931	-0.179	-3.005	-0.503	-1.853	17.0	R	VDW	1	0.185	1.95	0.808	1.5	1.7690000000000001	0.941	5.814669	0.4948263466358185	-0.42048582434654236	0.7786310315132141	-2.165998935699463
1i27	A	460	 	R	H	0.407	-1.044	-0.762	1.538	-0.055	1.502	0.44	2.897	13.0	N	A	500	 	L	H	0.146	-1.09	-0.615	-1.019	-0.987	-1.505	1.266	-0.912	17.0	R		1	0.261	2.557	0.9319999999999999	3.0069999999999997	0.8260000000000001	3.8089999999999997	8.297266	-1.1061184406280518	-1.33966064453125	0.7786310315132141	-2.165998935699463
1i27	A	451	 	D	-	0.135	-1.106	2.442	1.05	0.302	-3.656	-0.259	-3.242	2.0	C	A	458	 	A	H	0.0	-1.171	-0.768	-0.591	-1.302	-0.733	1.57	-0.146	17.0	R	VDW	1	0.135	1.641	1.604	2.923	1.8290000000000002	3.096	7.3931446	0.4948263466358185	-0.42048582434654236	0.7786310315132141	-2.165998935699463
1i27	A	486	 	S	H	0.7	-1.066	-0.665	-0.228	1.399	-4.76	0.67	-2.647	15.0	P	A	490	 	V	H	0.359	-1.092	-0.649	-1.337	-0.279	-0.544	1.242	-1.262	15.0	P	HBOND	1	0.34099999999999997	1.109	1.678	4.215999999999999	0.572	1.3849999999999998	6.0957637	2.305978536605835	-1.498815655708313	2.305978536605835	-1.498815655708313
1i27	A	486	 	S	H	0.7	-1.066	-0.665	-0.228	1.399	-4.76	0.67	-2.647	15.0	P	A	490	 	V	H	0.359	-1.092	-0.649	-1.337	-0.279	-0.544	1.242	-1.262	15.0	P	VDW	1	0.34099999999999997	1.109	1.678	4.215999999999999	0.572	1.3849999999999998	6.0957637	2.305978536605835	-1.498815655708313	2.305978536605835	-1.498815655708313
1i27	A	488	 	Q	H	0.52	-1.053	-0.67	0.931	-0.179	-3.005	-0.503	-1.853	17.0	R	A	492	 	V	H	0.345	-1.293	-0.572	-1.337	-0.279	-0.544	1.242	-1.262	17.0	R	HBOND	1	0.17500000000000004	2.268	0.10000000000000003	2.461	1.745	0.591	6.3988147	0.7786310315132141	-2.165998935699463	0.7786310315132141	-2.165998935699463
1i27	A	489	 	T	H	0.021	-1.216	-0.828	-0.032	0.326	2.213	0.908	1.313	11.0	L	A	492	 	V	H	0.345	-1.293	-0.572	-1.337	-0.279	-0.544	1.242	-1.262	17.0	R		1	0.32399999999999995	1.305	0.605	2.757	0.33399999999999996	2.575	5.4855137	1.7768839597702026	-1.303723931312561	0.7786310315132141	-2.165998935699463
1i27	A	504	 	R	E	0.613	-1.493	2.328	1.538	-0.055	1.502	0.44	2.897	18.0	S	A	512	 	H	E	0.114	-1.946	2.675	0.336	-0.417	-1.673	-1.474	-0.078	16.0	Q		1	0.499	1.202	0.362	3.175	1.914	2.9749999999999996	5.7101626	-2.3030261993408203	0.38133013248443604	2.5521750450134277	0.6046215891838074
1i27	A	479	 	T	H	0.507	-0.94	-0.628	-0.032	0.326	2.213	0.908	1.313	1.0	B	A	484	 	L	-	0.335	-1.618	2.5	-1.019	-0.987	-1.505	1.266	-0.912	2.0	C	HBOND	1	0.172	0.9869999999999999	1.313	3.718	0.358	2.225	5.2764997	-0.1356317102909088	-1.8913732767105103	0.4948263466358185	-0.42048582434654236
1i27	A	497	 	L	H	0.085	-1.207	-0.679	-1.019	-0.987	-1.505	1.266	-0.912	1.0	B	A	500	 	L	H	0.146	-1.09	-0.615	-1.019	-0.987	-1.505	1.266	-0.912	17.0	R		1	0.060999999999999985	0.0	0.0	0.0	0.0	0.0	5.018769	-0.1356317102909088	-1.8913732767105103	0.7786310315132141	-2.165998935699463
1i27	A	492	 	V	H	0.345	-1.293	-0.572	-1.337	-0.279	-0.544	1.242	-1.262	17.0	R	A	496	 	I	H	0.03	-1.063	-0.804	-1.239	-0.547	2.131	0.393	0.816	15.0	P	HBOND	1	0.31499999999999995	0.09799999999999986	0.268	2.675	0.849	2.078	6.1579695	0.7786310315132141	-2.165998935699463	2.305978536605835	-1.498815655708313
1i27	A	469	 	T	-	0.092	-1.464	3.005	-0.032	0.326	2.213	0.908	1.313	2.0	C	A	473	 	L	H	0.0	-1.146	-0.703	-1.019	-0.987	-1.505	1.266	-0.912	17.0	R	HBOND	1	0.092	0.9869999999999999	1.313	3.718	0.358	2.225	6.2961526	0.4948263466358185	-0.42048582434654236	0.7786310315132141	-2.165998935699463
1i27	A	493	 	L	H	0.0	-1.02	-0.704	-1.019	-0.987	-1.505	1.266	-0.912	17.0	R	A	497	 	L	H	0.085	-1.207	-0.679	-1.019	-0.987	-1.505	1.266	-0.912	1.0	B	HBOND	1	0.085	0.0	0.0	0.0	0.0	0.0	6.114071	0.7786310315132141	-2.165998935699463	-0.1356317102909088	-1.8913732767105103
1i27	A	493	 	L	H	0.0	-1.02	-0.704	-1.019	-0.987	-1.505	1.266	-0.912	17.0	R	A	497	 	L	H	0.085	-1.207	-0.679	-1.019	-0.987	-1.505	1.266	-0.912	1.0	B	VDW	1	0.085	0.0	0.0	0.0	0.0	0.0	6.114071	0.7786310315132141	-2.165998935699463	-0.1356317102909088	-1.8913732767105103
1i27	A	462	 	Y	H	0.135	-1.196	-0.786	0.26	0.83	3.097	-0.838	1.512	17.0	R	A	465	 	R	H	0.585	-1.398	-0.744	1.538	-0.055	1.502	0.44	2.897	17.0	R	HBOND	1	0.44999999999999996	1.278	0.885	1.595	1.278	1.3849999999999998	5.3434434	0.7786310315132141	-2.165998935699463	0.7786310315132141	-2.165998935699463
1i27	A	462	 	Y	H	0.135	-1.196	-0.786	0.26	0.83	3.097	-0.838	1.512	17.0	R	A	465	 	R	H	0.585	-1.398	-0.744	1.538	-0.055	1.502	0.44	2.897	17.0	R	VDW	1	0.44999999999999996	1.278	0.885	1.595	1.278	1.3849999999999998	5.3434434	0.7786310315132141	-2.165998935699463	0.7786310315132141	-2.165998935699463
1i27	A	446	 	P	G	0.772	-1.004	2.432	0.189	2.081	-1.628	0.421	-1.392	12.0	M	A	449	 	S	-	0.469	-1.193	2.761	-0.228	1.399	-4.76	0.67	-2.647	2.0	C	HBOND	1	0.30300000000000005	0.41700000000000004	0.6819999999999999	3.1319999999999997	0.24900000000000005	1.255	5.5103297	0.6901140809059143	-1.2554224729537964	0.4948263466358185	-0.42048582434654236
1i27	A	446	 	P	G	0.772	-1.004	2.432	0.189	2.081	-1.628	0.421	-1.392	12.0	M	A	449	 	S	-	0.469	-1.193	2.761	-0.228	1.399	-4.76	0.67	-2.647	2.0	C	VDW	1	0.30300000000000005	0.41700000000000004	0.6819999999999999	3.1319999999999997	0.24900000000000005	1.255	5.5103297	0.6901140809059143	-1.2554224729537964	0.4948263466358185	-0.42048582434654236
1i27	A	472	 	D	H	0.35	-1.072	-0.765	1.05	0.302	-3.656	-0.259	-3.242	14.0	O	A	475	 	K	H	0.678	-1.09	-0.4	1.831	-0.561	0.533	-0.277	1.648	17.0	R		1	0.32800000000000007	0.7809999999999999	0.863	4.189	0.018000000000000016	4.89	5.484489	2.1495141983032227	-0.8029915690422058	0.7786310315132141	-2.165998935699463
1i27	A	495	 	Q	H	0.616	-1.074	-0.799	0.931	-0.179	-3.005	-0.503	-1.853	17.0	R	A	498	 	K	H	0.81	-1.027	-0.744	1.831	-0.561	0.533	-0.277	1.648	17.0	R		1	0.19400000000000006	0.8999999999999999	0.38200000000000006	3.538	0.22599999999999998	3.501	5.235376	0.7786310315132141	-2.165998935699463	0.7786310315132141	-2.165998935699463
1i27	A	458	 	A	H	0.0	-1.171	-0.768	-0.591	-1.302	-0.733	1.57	-0.146	17.0	R	A	462	 	Y	H	0.135	-1.196	-0.786	0.26	0.83	3.097	-0.838	1.512	17.0	R	HBOND	1	0.135	0.851	2.132	3.83	2.408	1.658	6.611447	0.7786310315132141	-2.165998935699463	0.7786310315132141	-2.165998935699463
1i27	A	463	 	L	H	0.0	-1.288	-0.326	-1.019	-0.987	-1.505	1.266	-0.912	13.0	N	A	515	 	L	S	0.299	-1.911	0.282	-1.019	-0.987	-1.505	1.266	-0.912	12.0	M	HBOND	1	0.299	0.0	0.0	0.0	0.0	0.0	5.0731254	-1.1061184406280518	-1.33966064453125	0.6901140809059143	-1.2554224729537964
1i27	A	463	 	L	H	0.0	-1.288	-0.326	-1.019	-0.987	-1.505	1.266	-0.912	13.0	N	A	515	 	L	S	0.299	-1.911	0.282	-1.019	-0.987	-1.505	1.266	-0.912	12.0	M	VDW	1	0.299	0.0	0.0	0.0	0.0	0.0	5.0731254	-1.1061184406280518	-1.33966064453125	0.6901140809059143	-1.2554224729537964
1i27	A	457	 	D	H	0.607	-0.996	-0.764	1.05	0.302	-3.656	-0.259	-3.242	17.0	R	A	461	 	R	H	0.492	-0.979	-0.797	1.538	-0.055	1.502	0.44	2.897	17.0	R	HBOND	1	0.11499999999999999	0.488	0.357	5.158	0.6990000000000001	6.138999999999999	6.3017683	0.7786310315132141	-2.165998935699463	0.7786310315132141	-2.165998935699463
1i27	A	457	 	D	H	0.607	-0.996	-0.764	1.05	0.302	-3.656	-0.259	-3.242	17.0	R	A	461	 	R	H	0.492	-0.979	-0.797	1.538	-0.055	1.502	0.44	2.897	17.0	R	VDW	1	0.11499999999999999	0.488	0.357	5.158	0.6990000000000001	6.138999999999999	6.3017683	0.7786310315132141	-2.165998935699463	0.7786310315132141	-2.165998935699463
1i27	A	459	 	V	H	0.0	-1.097	-0.716	-1.337	-0.279	-0.544	1.242	-1.262	17.0	R	A	462	 	Y	H	0.135	-1.196	-0.786	0.26	0.83	3.097	-0.838	1.512	17.0	R		1	0.135	1.597	1.109	3.641	2.08	2.774	5.2327156	0.7786310315132141	-2.165998935699463	0.7786310315132141	-2.165998935699463
